date_local,parameter,arithmetic_mean,aqi
2018-01-01,PM2.5 - Local Conditions,5.733333333333334,24.0
2018-01-02,PM2.5 - Local Conditions,6.5200000000000005,27.0
2018-01-03,PM2.5 - Local Conditions,5.433333333333333,22.666666666666668
2018-01-04,PM2.5 - Local Conditions,8.850000000000001,36.75
2018-01-05,PM2.5 - Local Conditions,8.199999999999998,34.2
2018-01-06,PM2.5 - Local Conditions,10.58,44.2
2018-01-07,PM2.5 - Local Conditions,10.099999999999998,42.2
2018-01-08,PM2.5 - Local Conditions,8.075000000000001,33.5
2018-01-09,PM2.5 - Local Conditions,8.26,34.6
2018-01-10,PM2.5 - Local Conditions,5.3199999999999985,22.2
2018-01-11,PM2.5 - Local Conditions,3.3333333333333344,13.833333333333334
2018-01-12,PM2.5 - Local Conditions,2.3200000000000007,10.2
2018-01-13,PM2.5 - Local Conditions,2.9,12.2
2018-01-14,PM2.5 - Local Conditions,5.385714285714285,22.571428571428573
2018-01-15,PM2.5 - Local Conditions,6.500000000000003,27.4
2018-01-16,PM2.5 - Local Conditions,6.82,28.6
2018-01-17,PM2.5 - Local Conditions,10.7,43.8
2018-01-18,PM2.5 - Local Conditions,13.860000000000005,53.0
2018-01-19,PM2.5 - Local Conditions,10.079999999999998,41.8
2018-01-20,PM2.5 - Local Conditions,5.5428571428571445,23.0
2018-01-21,PM2.5 - Local Conditions,5.539999999999998,23.0
2018-01-22,PM2.5 - Local Conditions,7.050000000000002,29.5
2018-01-23,PM2.5 - Local Conditions,2.3400000000000007,10.6
2018-01-24,PM2.5 - Local Conditions,6.25,26.0
2018-01-25,PM2.5 - Local Conditions,8.274999999999999,34.5
2018-01-26,PM2.5 - Local Conditions,10.099999999999998,42.0
2018-01-27,PM2.5 - Local Conditions,10.199999999999996,42.5
2018-01-28,PM2.5 - Local Conditions,5.574999999999998,23.25
2018-01-29,PM2.5 - Local Conditions,7.859999999999999,32.8
2018-01-30,PM2.5 - Local Conditions,7.233333333333335,30.333333333333332
2018-01-31,PM2.5 - Local Conditions,6.949999999999998,29.0
2018-02-01,PM2.5 - Local Conditions,6.4799999999999995,27.0
2018-02-02,PM2.5 - Local Conditions,3.9400000000000004,16.4
2018-02-03,PM2.5 - Local Conditions,4.875,20.5
2018-02-04,PM2.5 - Local Conditions,10.44,43.6
2018-02-05,PM2.5 - Local Conditions,7.0249999999999995,29.5
2018-02-06,PM2.5 - Local Conditions,11.2,46.5
2018-02-07,PM2.5 - Local Conditions,12.516666666666671,50.0
2018-02-08,PM2.5 - Local Conditions,14.625,55.75
2018-02-09,PM2.5 - Local Conditions,8.475,35.5
2018-02-10,PM2.5 - Local Conditions,3.96,16.4
2018-02-11,PM2.5 - Local Conditions,4.625,19.0
2018-02-12,PM2.5 - Local Conditions,8.700000000000001,36.25
2018-02-13,PM2.5 - Local Conditions,6.839999999999998,28.6
2018-02-14,PM2.5 - Local Conditions,3.933333333333334,16.333333333333332
2018-02-15,PM2.5 - Local Conditions,6.05,25.25
2018-02-16,PM2.5 - Local Conditions,9.266666666666666,38.666666666666664
2018-02-17,PM2.5 - Local Conditions,7.42,30.8
2018-02-18,PM2.5 - Local Conditions,3.7,15.6
2018-02-19,PM2.5 - Local Conditions,6.600000000000003,27.428571428571427
2018-02-20,PM2.5 - Local Conditions,7.679999999999998,32.0
2018-02-21,PM2.5 - Local Conditions,2.86,12.0
2018-02-22,PM2.5 - Local Conditions,1.9000000000000001,8.0
2018-02-23,PM2.5 - Local Conditions,8.16,33.8
2018-02-24,PM2.5 - Local Conditions,5.539999999999998,23.2
2018-02-25,PM2.5 - Local Conditions,2.1857142857142864,9.714285714285714
2018-02-26,PM2.5 - Local Conditions,3.1199999999999997,13.0
2018-02-27,PM2.5 - Local Conditions,6.074999999999999,25.25
2018-02-28,PM2.5 - Local Conditions,3.3333333333333335,13.833333333333334
2018-03-01,PM2.5 - Local Conditions,2.3200000000000007,9.8
2018-03-02,PM2.5 - Local Conditions,6.000000000000002,25.25
2018-03-03,PM2.5 - Local Conditions,3.385714285714286,14.142857142857142
2018-03-04,PM2.5 - Local Conditions,3.8599999999999994,16.2
2018-03-05,PM2.5 - Local Conditions,7.540000000000004,31.4
2018-03-06,PM2.5 - Local Conditions,3.6166666666666685,15.166666666666666
2018-03-07,PM2.5 - Local Conditions,4.220000000000001,17.4
2018-03-08,PM2.5 - Local Conditions,7.7600000000000025,32.6
2018-03-09,PM2.5 - Local Conditions,10.014285714285714,41.857142857142854
2018-03-10,PM2.5 - Local Conditions,14.160000000000002,55.4
2018-03-11,PM2.5 - Local Conditions,10.340000000000003,43.4
2018-03-12,PM2.5 - Local Conditions,6.8199999999999985,28.4
2018-03-13,PM2.5 - Local Conditions,7.539999999999999,31.4
2018-03-14,PM2.5 - Local Conditions,5.65,23.75
2018-03-15,PM2.5 - Local Conditions,8.319999999999997,34.6
2018-03-16,PM2.5 - Local Conditions,13.719999999999999,54.4
2018-03-17,PM2.5 - Local Conditions,7.959999999999999,33.2
2018-03-18,PM2.5 - Local Conditions,13.299999999999999,53.666666666666664
2018-03-19,PM2.5 - Local Conditions,9.96,41.8
2018-03-20,PM2.5 - Local Conditions,5.559999999999999,23.2
2018-03-21,PM2.5 - Local Conditions,5.700000000000001,23.857142857142858
2018-03-22,PM2.5 - Local Conditions,7.199999999999998,30.2
2018-03-23,PM2.5 - Local Conditions,7.899999999999999,32.8
2018-03-24,PM2.5 - Local Conditions,6.616666666666667,27.666666666666668
2018-03-25,PM2.5 - Local Conditions,2.8,11.6
2018-03-26,PM2.5 - Local Conditions,5.919999999999999,24.6
2018-03-27,PM2.5 - Local Conditions,6.357142857142856,26.428571428571427
2018-03-28,PM2.5 - Local Conditions,5.724999999999999,24.0
2018-03-29,PM2.5 - Local Conditions,2.3000000000000007,9.5
2018-03-30,PM2.5 - Local Conditions,4.750000000000001,19.666666666666668
2018-03-31,PM2.5 - Local Conditions,6.820000000000002,28.4
2018-04-01,PM2.5 - Local Conditions,6.42,27.0
2018-04-02,PM2.5 - Local Conditions,4.7857142857142865,20.0
2018-04-03,PM2.5 - Local Conditions,7.339999999999998,30.6
2018-04-04,PM2.5 - Local Conditions,4.699999999999999,19.8
2018-04-05,PM2.5 - Local Conditions,5.659999999999999,23.6
2018-04-06,PM2.5 - Local Conditions,8.225,34.0
2018-04-07,PM2.5 - Local Conditions,8.125,33.75
2018-04-08,PM2.5 - Local Conditions,5.3999999999999995,22.666666666666668
2018-04-09,PM2.5 - Local Conditions,4.250000000000001,18.0
2018-04-10,PM2.5 - Local Conditions,11.220000000000002,46.8
2018-04-11,PM2.5 - Local Conditions,10.216666666666667,42.5
2018-04-12,PM2.5 - Local Conditions,9.879999999999999,41.0
2018-04-13,PM2.5 - Local Conditions,8.960000000000004,37.4
2018-04-14,PM2.5 - Local Conditions,4.0285714285714285,16.857142857142858
2018-04-15,PM2.5 - Local Conditions,2.02,9.0
2018-04-16,PM2.5 - Local Conditions,3.1999999999999993,13.2
2018-04-17,PM2.5 - Local Conditions,6.200000000000002,26.0
2018-04-18,PM2.5 - Local Conditions,7.760000000000001,32.6
2018-04-19,PM2.5 - Local Conditions,4.300000000000002,18.0
2018-04-20,PM2.5 - Local Conditions,4.328571428571428,18.142857142857142
2018-04-21,PM2.5 - Local Conditions,7.220000000000001,30.2
2018-04-22,PM2.5 - Local Conditions,7.360000000000002,30.8
2018-04-23,PM2.5 - Local Conditions,1.9500000000000002,8.5
2018-04-24,PM2.5 - Local Conditions,3.7600000000000002,15.6
2018-04-25,PM2.5 - Local Conditions,9.000000000000002,37.5
2018-04-26,PM2.5 - Local Conditions,8.57142857142857,35.857142857142854
2018-04-27,PM2.5 - Local Conditions,8.36,35.0
2018-04-28,PM2.5 - Local Conditions,6.7,28.0
2018-04-29,PM2.5 - Local Conditions,3.9833333333333347,16.666666666666668
2018-04-30,PM2.5 - Local Conditions,6.075,25.25
2018-05-01,PM2.5 - Local Conditions,10.8,44.6
2018-05-02,PM2.5 - Local Conditions,12.528571428571425,51.142857142857146
2018-05-03,PM2.5 - Local Conditions,11.16,46.6
2018-05-04,PM2.5 - Local Conditions,11.099999999999996,46.0
2018-05-05,PM2.5 - Local Conditions,5.659999999999999,23.6
2018-05-06,PM2.5 - Local Conditions,5.45,22.75
2018-05-07,PM2.5 - Local Conditions,6.699999999999999,28.0
2018-05-08,PM2.5 - Local Conditions,9.883333333333335,41.0
2018-05-09,PM2.5 - Local Conditions,12.024999999999997,49.0
2018-05-10,PM2.5 - Local Conditions,13.399999999999997,53.75
2018-05-11,PM2.5 - Local Conditions,13.559999999999997,53.8
2018-05-12,PM2.5 - Local Conditions,13.025000000000002,52.75
2018-05-13,PM2.5 - Local Conditions,13.133333333333333,53.333333333333336
2018-05-14,PM2.5 - Local Conditions,13.52,53.8
2018-05-15,PM2.5 - Local Conditions,14.0,54.5
2018-05-16,PM2.5 - Local Conditions,10.800000000000002,45.25
2018-05-17,PM2.5 - Local Conditions,8.859999999999996,37.0
2018-05-18,PM2.5 - Local Conditions,7.274999999999998,30.5
2018-05-19,PM2.5 - Local Conditions,8.275,34.75
2018-05-20,PM2.5 - Local Conditions,8.2,34.2
2018-05-21,PM2.5 - Local Conditions,7.650000000000001,32.0
2018-05-22,PM2.5 - Local Conditions,5.625000000000002,23.75
2018-05-23,PM2.5 - Local Conditions,7.975,33.25
2018-05-24,PM2.5 - Local Conditions,8.699999999999998,36.333333333333336
2018-05-25,PM2.5 - Local Conditions,10.333333333333336,43.0
2018-05-26,PM2.5 - Local Conditions,6.950000000000002,29.0
2018-05-27,PM2.5 - Local Conditions,7.266666666666666,30.333333333333332
2018-05-28,PM2.5 - Local Conditions,5.1000000000000005,21.333333333333332
2018-05-29,PM2.5 - Local Conditions,2.5000000000000004,10.0
2018-05-30,PM2.5 - Local Conditions,5.133333333333333,21.666666666666668
2018-05-31,PM2.5 - Local Conditions,9.149999999999997,38.0
2018-06-01,PM2.5 - Local Conditions,5.3000000000000025,22.333333333333332
2018-06-02,PM2.5 - Local Conditions,10.0,42.0
2018-06-03,PM2.5 - Local Conditions,8.333333333333332,35.0
2018-06-04,PM2.5 - Local Conditions,4.5,18.75
2018-06-05,PM2.5 - Local Conditions,6.533333333333334,27.333333333333332
2018-06-06,PM2.5 - Local Conditions,9.4,39.333333333333336
2018-06-07,PM2.5 - Local Conditions,10.059999999999997,42.0
2018-06-08,PM2.5 - Local Conditions,10.833333333333334,45.333333333333336
2018-06-09,PM2.5 - Local Conditions,11.249999999999996,46.75
2018-06-10,PM2.5 - Local Conditions,8.3,34.4
2018-06-11,PM2.5 - Local Conditions,9.4,39.0
2018-06-12,PM2.5 - Local Conditions,11.099999999999998,46.0
2018-06-13,PM2.5 - Local Conditions,3.983333333333334,16.666666666666668
2018-06-14,PM2.5 - Local Conditions,10.6,44.25
2018-06-15,PM2.5 - Local Conditions,13.233333333333329,53.333333333333336
2018-06-16,PM2.5 - Local Conditions,11.680000000000001,48.4
2018-06-17,PM2.5 - Local Conditions,11.2,46.75
2018-06-18,PM2.5 - Local Conditions,11.200000000000001,46.666666666666664
2018-06-19,PM2.5 - Local Conditions,15.640000000000006,58.6
2018-06-20,PM2.5 - Local Conditions,10.100000000000001,42.0
2018-06-21,PM2.5 - Local Conditions,6.924999999999997,29.0
2018-06-22,PM2.5 - Local Conditions,4.640000000000001,19.4
2018-06-23,PM2.5 - Local Conditions,6.774999999999998,28.25
2018-06-24,PM2.5 - Local Conditions,7.899999999999998,33.0
2018-06-25,PM2.5 - Local Conditions,6.333333333333331,26.5
2018-06-26,PM2.5 - Local Conditions,6.875000000000001,28.75
2018-06-27,PM2.5 - Local Conditions,7.700000000000002,32.0
2018-06-28,PM2.5 - Local Conditions,7.280000000000001,30.4
2018-06-29,PM2.5 - Local Conditions,6.825000000000001,28.5
2018-06-30,PM2.5 - Local Conditions,10.475000000000003,43.5
2018-07-01,PM2.5 - Local Conditions,10.08333333333333,42.166666666666664
2018-07-02,PM2.5 - Local Conditions,7.074999999999999,29.25
2018-07-03,PM2.5 - Local Conditions,7.249999999999999,30.25
2018-07-04,PM2.5 - Local Conditions,13.26,52.6
2018-07-05,PM2.5 - Local Conditions,14.575000000000005,55.0
2018-07-06,PM2.5 - Local Conditions,7.799999999999999,32.75
2018-07-07,PM2.5 - Local Conditions,7.599999999999998,31.5
2018-07-08,PM2.5 - Local Conditions,7.2749999999999995,30.25
2018-07-09,PM2.5 - Local Conditions,8.675000000000002,36.25
2018-07-10,PM2.5 - Local Conditions,9.499999999999998,39.8
2018-07-11,PM2.5 - Local Conditions,10.324999999999998,43.25
2018-07-12,PM2.5 - Local Conditions,11.374999999999998,47.5
2018-07-13,PM2.5 - Local Conditions,15.649999999999999,58.666666666666664
2018-07-14,PM2.5 - Local Conditions,14.900000000000004,55.75
2018-07-15,PM2.5 - Local Conditions,6.675000000000001,27.75
2018-07-16,PM2.5 - Local Conditions,7.3199999999999985,30.4
2018-07-17,PM2.5 - Local Conditions,9.15,38.25
2018-07-18,PM2.5 - Local Conditions,7.499999999999997,31.5
2018-07-19,PM2.5 - Local Conditions,8.200000000000003,34.166666666666664
2018-07-20,PM2.5 - Local Conditions,11.525,48.0
2018-07-21,PM2.5 - Local Conditions,6.175000000000001,26.0
2018-07-22,PM2.5 - Local Conditions,6.000000000000002,25.2
2018-07-23,PM2.5 - Local Conditions,8.075000000000001,33.75
2018-07-24,PM2.5 - Local Conditions,13.299999999999999,53.25
2018-07-25,PM2.5 - Local Conditions,16.766666666666666,60.833333333333336
2018-07-26,PM2.5 - Local Conditions,11.775000000000002,48.25
2018-07-27,PM2.5 - Local Conditions,7.825000000000002,32.5
2018-07-28,PM2.5 - Local Conditions,6.539999999999999,27.4
2018-07-29,PM2.5 - Local Conditions,6.249999999999999,26.5
2018-07-30,PM2.5 - Local Conditions,8.024999999999999,33.5
2018-07-31,PM2.5 - Local Conditions,10.3,42.8
2018-08-01,PM2.5 - Local Conditions,8.166666666666666,34.0
2018-08-02,PM2.5 - Local Conditions,7.025000000000001,29.25
2018-08-03,PM2.5 - Local Conditions,6.340000000000002,26.4
2018-08-04,PM2.5 - Local Conditions,6.549999999999999,27.5
2018-08-05,PM2.5 - Local Conditions,6.9750000000000005,29.0
2018-08-06,PM2.5 - Local Conditions,6.666666666666665,27.833333333333332
2018-08-07,PM2.5 - Local Conditions,6.825000000000001,28.5
2018-08-08,PM2.5 - Local Conditions,6.600000000000001,27.75
2018-08-09,PM2.5 - Local Conditions,6.74,28.2
2018-08-10,PM2.5 - Local Conditions,8.175,34.0
2018-08-11,PM2.5 - Local Conditions,10.274999999999999,43.0
2018-08-12,PM2.5 - Local Conditions,12.56,51.0
2018-08-13,PM2.5 - Local Conditions,13.400000000000004,52.75
2018-08-14,PM2.5 - Local Conditions,15.45,57.75
2018-08-15,PM2.5 - Local Conditions,21.100000000000005,69.75
2018-08-16,PM2.5 - Local Conditions,15.700000000000001,59.0
2018-08-17,PM2.5 - Local Conditions,8.675,36.25
2018-08-18,PM2.5 - Local Conditions,7.100000000000001,29.8
2018-08-19,PM2.5 - Local Conditions,9.249999999999998,38.5
2018-08-20,PM2.5 - Local Conditions,6.2,25.75
2018-08-21,PM2.5 - Local Conditions,6.1,25.25
2018-08-22,PM2.5 - Local Conditions,15.799999999999994,59.0
2018-08-23,PM2.5 - Local Conditions,9.024999999999999,37.5
2018-08-24,PM2.5 - Local Conditions,12.959999999999999,52.4
2018-08-25,PM2.5 - Local Conditions,15.375,57.75
2018-08-26,PM2.5 - Local Conditions,15.266666666666667,57.666666666666664
2018-08-27,PM2.5 - Local Conditions,12.95,53.0
2018-08-28,PM2.5 - Local Conditions,9.966666666666667,41.333333333333336
2018-08-29,PM2.5 - Local Conditions,5.699999999999998,23.5
2018-08-30,PM2.5 - Local Conditions,5.540000000000001,23.0
2018-08-31,PM2.5 - Local Conditions,3.9,16.5
2018-09-01,PM2.5 - Local Conditions,4.250000000000001,17.75
2018-09-02,PM2.5 - Local Conditions,4.88,20.4
2018-09-03,PM2.5 - Local Conditions,4.425000000000001,18.5
2018-09-04,PM2.5 - Local Conditions,5.024999999999999,21.0
2018-09-05,PM2.5 - Local Conditions,7.0,29.333333333333332
2018-09-06,PM2.5 - Local Conditions,6.074999999999998,25.25
2018-09-07,PM2.5 - Local Conditions,5.075,21.25
2018-09-08,PM2.5 - Local Conditions,6.460000000000003,27.0
2018-09-09,PM2.5 - Local Conditions,4.250000000000001,17.5
2018-09-10,PM2.5 - Local Conditions,3.766666666666666,15.666666666666666
2018-09-11,PM2.5 - Local Conditions,2.349999999999999,9.666666666666666
2018-09-12,PM2.5 - Local Conditions,3.45,14.25
2018-09-13,PM2.5 - Local Conditions,5.649999999999999,23.75
2018-09-14,PM2.5 - Local Conditions,6.620000000000002,27.6
2018-09-15,PM2.5 - Local Conditions,6.524999999999998,27.25
2018-09-16,PM2.5 - Local Conditions,1.75,7.25
2018-09-17,PM2.5 - Local Conditions,3.783333333333335,15.666666666666666
2018-09-18,PM2.5 - Local Conditions,5.9,24.75
2018-09-19,PM2.5 - Local Conditions,9.575,39.5
2018-09-20,PM2.5 - Local Conditions,10.420000000000002,43.4
2018-09-21,PM2.5 - Local Conditions,9.925,41.5
2018-09-22,PM2.5 - Local Conditions,5.875,24.5
2018-09-23,PM2.5 - Local Conditions,2.6666666666666674,11.0
2018-09-24,PM2.5 - Local Conditions,6.249999999999999,26.0
2018-09-25,PM2.5 - Local Conditions,4.449999999999998,18.75
2018-09-26,PM2.5 - Local Conditions,5.16,21.6
2018-09-27,PM2.5 - Local Conditions,2.4333333333333336,10.333333333333334
2018-09-28,PM2.5 - Local Conditions,4.3999999999999995,18.333333333333332
2018-09-29,PM2.5 - Local Conditions,5.72,23.8
2018-09-30,PM2.5 - Local Conditions,6.5666666666666655,27.333333333333332
2018-10-01,PM2.5 - Local Conditions,7.1,30.0
2018-10-02,PM2.5 - Local Conditions,6.0,25.0
2018-10-03,PM2.5 - Local Conditions,7.699999999999998,32.0
2018-10-04,PM2.5 - Local Conditions,10.299999999999997,42.75
2018-10-05,PM2.5 - Local Conditions,10.040000000000003,41.6
2018-10-06,PM2.5 - Local Conditions,12.133333333333333,48.333333333333336
2018-10-07,PM2.5 - Local Conditions,14.066666666666665,53.333333333333336
2018-10-08,PM2.5 - Local Conditions,9.975000000000001,41.25
2018-10-09,PM2.5 - Local Conditions,5.566666666666666,23.0
2018-10-10,PM2.5 - Local Conditions,4.500000000000001,19.0
2018-10-11,PM2.5 - Local Conditions,3.266666666666667,13.833333333333334
2018-10-12,PM2.5 - Local Conditions,3.3333333333333335,14.0
2018-10-13,PM2.5 - Local Conditions,5.125000000000001,21.25
2018-10-14,PM2.5 - Local Conditions,6.399999999999999,26.75
2018-10-15,PM2.5 - Local Conditions,5.549999999999999,23.25
2018-10-16,PM2.5 - Local Conditions,5.650000000000002,23.75
2018-10-17,PM2.5 - Local Conditions,6.05,25.5
2018-10-18,PM2.5 - Local Conditions,3.6749999999999994,15.5
2018-10-19,PM2.5 - Local Conditions,6.275,26.0
2018-10-20,PM2.5 - Local Conditions,4.340000000000002,18.2
2018-10-21,PM2.5 - Local Conditions,4.650000000000001,19.25
2018-10-22,PM2.5 - Local Conditions,6.05,25.25
2018-10-23,PM2.5 - Local Conditions,8.466666666666667,35.333333333333336
2018-10-24,PM2.5 - Local Conditions,4.55,19.0
2018-10-25,PM2.5 - Local Conditions,6.1,25.5
2018-10-26,PM2.5 - Local Conditions,3.02,12.6
2018-10-27,PM2.5 - Local Conditions,7.424999999999999,31.0
2018-10-28,PM2.5 - Local Conditions,7.35,30.5
2018-10-29,PM2.5 - Local Conditions,6.0,25.166666666666668
2018-10-30,PM2.5 - Local Conditions,7.733333333333334,32.333333333333336
2018-10-31,PM2.5 - Local Conditions,10.466666666666669,43.666666666666664
2018-11-01,PM2.5 - Local Conditions,3.820000000000001,15.8
2018-11-02,PM2.5 - Local Conditions,3.775,15.75
2018-11-03,PM2.5 - Local Conditions,5.9,24.75
2018-11-04,PM2.5 - Local Conditions,5.433333333333334,22.666666666666668
2018-11-05,PM2.5 - Local Conditions,3.7499999999999987,15.75
2018-11-06,PM2.5 - Local Conditions,4.550000000000001,19.0
2018-11-07,PM2.5 - Local Conditions,3.9599999999999995,16.6
2018-11-08,PM2.5 - Local Conditions,3.6749999999999994,15.25
2018-11-09,PM2.5 - Local Conditions,5.375,22.5
2018-11-10,PM2.5 - Local Conditions,6.683333333333333,27.833333333333332
2018-11-11,PM2.5 - Local Conditions,9.049999999999999,37.75
2018-11-12,PM2.5 - Local Conditions,8.274999999999999,34.5
2018-11-13,PM2.5 - Local Conditions,11.98,49.6
2018-11-14,PM2.5 - Local Conditions,9.6,40.333333333333336
2018-11-15,PM2.5 - Local Conditions,8.599999999999998,36.0
2018-11-16,PM2.5 - Local Conditions,10.725000000000001,42.75
2018-11-17,PM2.5 - Local Conditions,15.700000000000001,57.0
2018-11-18,PM2.5 - Local Conditions,17.6,62.333333333333336
2018-11-19,PM2.5 - Local Conditions,13.325000000000001,53.0
2018-11-20,PM2.5 - Local Conditions,8.439999999999998,35.2
2018-11-21,PM2.5 - Local Conditions,13.475000000000001,51.0
2018-11-22,PM2.5 - Local Conditions,14.783333333333331,53.333333333333336
2018-11-23,PM2.5 - Local Conditions,9.275000000000002,38.0
2018-11-24,PM2.5 - Local Conditions,6.725000000000001,28.25
2018-11-25,PM2.5 - Local Conditions,5.880000000000001,24.6
2018-11-26,PM2.5 - Local Conditions,3.750000000000001,15.5
2018-11-27,PM2.5 - Local Conditions,7.375000000000001,30.75
2018-11-28,PM2.5 - Local Conditions,9.583333333333336,39.666666666666664
2018-11-29,PM2.5 - Local Conditions,9.733333333333333,40.666666666666664
2018-11-30,PM2.5 - Local Conditions,3.8000000000000003,16.0
2018-12-01,PM2.5 - Local Conditions,3.1500000000000004,13.0
2018-12-02,PM2.5 - Local Conditions,4.466666666666668,19.0
2018-12-03,PM2.5 - Local Conditions,2.766666666666666,11.333333333333334
2018-12-04,PM2.5 - Local Conditions,3.0500000000000007,12.666666666666666
2018-12-05,PM2.5 - Local Conditions,4.175,17.25
2018-12-06,PM2.5 - Local Conditions,7.85,32.75
2018-12-07,PM2.5 - Local Conditions,12.959999999999999,52.8
2018-12-08,PM2.5 - Local Conditions,9.325,39.0
2018-12-09,PM2.5 - Local Conditions,9.250000000000002,38.5
2018-12-10,PM2.5 - Local Conditions,14.459999999999997,56.0
2018-12-11,PM2.5 - Local Conditions,14.933333333333335,57.0
2018-12-12,PM2.5 - Local Conditions,6.4750000000000005,27.0
2018-12-13,PM2.5 - Local Conditions,5.4,22.75
2018-12-14,PM2.5 - Local Conditions,3.0749999999999997,12.75
2018-12-15,PM2.5 - Local Conditions,4.500000000000001,18.75
2018-12-16,PM2.5 - Local Conditions,4.533333333333332,18.833333333333332
2018-12-17,PM2.5 - Local Conditions,6.625,27.75
2018-12-18,PM2.5 - Local Conditions,8.200000000000003,33.75
2018-12-19,PM2.5 - Local Conditions,10.520000000000003,42.2
2018-12-20,PM2.5 - Local Conditions,5.75,24.0
2018-12-21,PM2.5 - Local Conditions,4.4,18.25
2018-12-22,PM2.5 - Local Conditions,6.466666666666665,27.0
2018-12-23,PM2.5 - Local Conditions,6.2250000000000005,26.0
2018-12-24,PM2.5 - Local Conditions,8.299999999999999,34.5
2018-12-25,PM2.5 - Local Conditions,7.959999999999999,33.2
2018-12-26,PM2.5 - Local Conditions,8.55,36.0
2018-12-27,PM2.5 - Local Conditions,4.025,17.0
2018-12-28,PM2.5 - Local Conditions,2.833333333333334,11.833333333333334
2018-12-29,PM2.5 - Local Conditions,8.575000000000001,35.75
2018-12-30,PM2.5 - Local Conditions,7.45,31.0
2018-12-31,PM2.5 - Local Conditions,2.7000000000000006,11.333333333333334
2019-01-01,PM2.5 - Local Conditions,2.4749999999999996,10.5
2019-01-02,PM2.5 - Local Conditions,8.8,36.75
2019-01-03,PM2.5 - Local Conditions,13.916666666666666,54.5
2019-01-04,PM2.5 - Local Conditions,3.2,13.5
2019-01-05,PM2.5 - Local Conditions,6.249999999999999,26.0
2019-01-06,PM2.5 - Local Conditions,8.760000000000002,36.8
2019-01-07,PM2.5 - Local Conditions,5.3500000000000005,22.25
2019-01-08,PM2.5 - Local Conditions,3.9,16.25
2019-01-09,PM2.5 - Local Conditions,1.8499999999999999,7.833333333333333
2019-01-10,PM2.5 - Local Conditions,5.499999999999999,23.0
2019-01-11,PM2.5 - Local Conditions,8.799999999999999,36.75
2019-01-12,PM2.5 - Local Conditions,7.779999999999999,32.6
2019-01-13,PM2.5 - Local Conditions,5.249999999999999,21.75
2019-01-14,PM2.5 - Local Conditions,12.433333333333332,49.666666666666664
2019-01-15,PM2.5 - Local Conditions,10.039999999999997,41.6
2019-01-16,PM2.5 - Local Conditions,14.0,54.666666666666664
2019-01-17,PM2.5 - Local Conditions,8.199999999999998,34.333333333333336
2019-01-18,PM2.5 - Local Conditions,7.499999999999999,31.5
2019-01-19,PM2.5 - Local Conditions,2.799999999999999,11.75
2019-01-20,PM2.5 - Local Conditions,3.524999999999999,14.75
2019-01-21,PM2.5 - Local Conditions,2.016666666666666,8.666666666666666
2019-01-22,PM2.5 - Local Conditions,3.849999999999999,16.0
2019-01-23,PM2.5 - Local Conditions,3.6749999999999994,15.25
2019-01-24,PM2.5 - Local Conditions,8.480000000000002,35.4
2019-01-25,PM2.5 - Local Conditions,6.375000000000001,26.5
2019-01-26,PM2.5 - Local Conditions,5.233333333333333,21.666666666666668
2019-01-27,PM2.5 - Local Conditions,6.624999999999999,27.5
2019-01-28,PM2.5 - Local Conditions,6.433333333333334,27.0
2019-01-29,PM2.5 - Local Conditions,7.274999999999999,30.5
2019-01-30,PM2.5 - Local Conditions,1.9999999999999993,8.333333333333334
2019-01-31,PM2.5 - Local Conditions,7.425000000000001,30.75
2019-02-01,PM2.5 - Local Conditions,8.225000000000003,34.25
2019-02-02,PM2.5 - Local Conditions,12.283333333333331,49.833333333333336
2019-02-03,PM2.5 - Local Conditions,11.4,47.0
2019-02-04,PM2.5 - Local Conditions,8.125,33.75
2019-02-05,PM2.5 - Local Conditions,8.82,36.8
2019-02-06,PM2.5 - Local Conditions,4.850000000000001,20.25
2019-02-07,PM2.5 - Local Conditions,4.275000000000001,18.0
2019-02-08,PM2.5 - Local Conditions,4.1,17.0
2019-02-09,PM2.5 - Local Conditions,4.7749999999999995,20.0
2019-02-10,PM2.5 - Local Conditions,7.800000000000002,32.75
2019-02-11,PM2.5 - Local Conditions,9.524999999999999,39.75
2019-02-12,PM2.5 - Local Conditions,2.2749999999999995,9.5
2019-02-13,PM2.5 - Local Conditions,3.174999999999999,13.25
2019-02-14,PM2.5 - Local Conditions,3.4400000000000004,14.4
2019-02-15,PM2.5 - Local Conditions,9.075000000000001,37.75
2019-02-16,PM2.5 - Local Conditions,6.8,28.5
2019-02-17,PM2.5 - Local Conditions,5.220000000000001,21.8
2019-02-18,PM2.5 - Local Conditions,6.725000000000001,28.25
2019-02-19,PM2.5 - Local Conditions,6.8,28.5
2019-02-20,PM2.5 - Local Conditions,2.1333333333333333,8.666666666666666
2019-02-21,PM2.5 - Local Conditions,4.874999999999999,20.25
2019-02-22,PM2.5 - Local Conditions,4.175000000000001,17.25
2019-02-23,PM2.5 - Local Conditions,2.420000000000001,10.2
2019-02-24,PM2.5 - Local Conditions,2.8666666666666667,12.0
2019-02-25,PM2.5 - Local Conditions,3.933333333333333,16.333333333333332
2019-02-26,PM2.5 - Local Conditions,7.74,32.2
2019-02-27,PM2.5 - Local Conditions,10.15,41.75
2019-02-28,PM2.5 - Local Conditions,17.133333333333336,61.333333333333336
2019-03-01,PM2.5 - Local Conditions,9.939999999999996,41.4
2019-03-02,PM2.5 - Local Conditions,12.575,51.0
2019-03-03,PM2.5 - Local Conditions,12.825000000000003,51.75
2019-03-04,PM2.5 - Local Conditions,5.3500000000000005,22.5
2019-03-05,PM2.5 - Local Conditions,4.85,20.25
2019-03-06,PM2.5 - Local Conditions,9.55,40.0
2019-03-07,PM2.5 - Local Conditions,9.439999999999998,39.6
2019-03-08,PM2.5 - Local Conditions,11.65,48.5
2019-03-09,PM2.5 - Local Conditions,5.774999999999999,24.0
2019-03-10,PM2.5 - Local Conditions,3.6166666666666667,15.333333333333334
2019-03-11,PM2.5 - Local Conditions,5.9,24.75
2019-03-12,PM2.5 - Local Conditions,3.95,16.5
2019-03-13,PM2.5 - Local Conditions,5.82,24.4
2019-03-14,PM2.5 - Local Conditions,8.974999999999998,37.5
2019-03-15,PM2.5 - Local Conditions,2.7749999999999995,11.5
2019-03-16,PM2.5 - Local Conditions,4.75,19.833333333333332
2019-03-17,PM2.5 - Local Conditions,4.775,19.75
2019-03-18,PM2.5 - Local Conditions,4.0,16.75
2019-03-19,PM2.5 - Local Conditions,8.459999999999999,35.2
2019-03-20,PM2.5 - Local Conditions,10.1,41.75
2019-03-21,PM2.5 - Local Conditions,7.45,31.0
2019-03-22,PM2.5 - Local Conditions,6.333333333333332,26.333333333333332
2019-03-23,PM2.5 - Local Conditions,6.25,26.0
2019-03-24,PM2.5 - Local Conditions,14.674999999999997,56.5
2019-03-25,PM2.5 - Local Conditions,10.919999999999996,45.6
2019-03-26,PM2.5 - Local Conditions,4.775,19.75
2019-03-27,PM2.5 - Local Conditions,6.0500000000000025,25.5
2019-03-28,PM2.5 - Local Conditions,10.083333333333336,42.166666666666664
2019-03-29,PM2.5 - Local Conditions,11.433333333333335,47.666666666666664
2019-03-30,PM2.5 - Local Conditions,6.475,27.0
2019-03-31,PM2.5 - Local Conditions,5.320000000000002,22.2
2019-04-01,PM2.5 - Local Conditions,4.424999999999999,18.5
2019-04-02,PM2.5 - Local Conditions,6.033333333333332,25.333333333333332
2019-04-03,PM2.5 - Local Conditions,9.833333333333334,40.5
2019-04-04,PM2.5 - Local Conditions,12.825000000000001,51.5
2019-04-05,PM2.5 - Local Conditions,8.175,34.0
2019-04-06,PM2.5 - Local Conditions,8.199999999999998,34.2
2019-04-07,PM2.5 - Local Conditions,6.125000000000002,25.75
2019-04-08,PM2.5 - Local Conditions,3.625,15.25
2019-04-09,PM2.5 - Local Conditions,4.583333333333333,19.0
2019-04-10,PM2.5 - Local Conditions,5.2,21.75
2019-04-11,PM2.5 - Local Conditions,7.3999999999999995,31.0
2019-04-12,PM2.5 - Local Conditions,6.159999999999998,25.6
2019-04-13,PM2.5 - Local Conditions,5.625000000000001,23.5
2019-04-14,PM2.5 - Local Conditions,4.625,19.5
2019-04-15,PM2.5 - Local Conditions,3.666666666666666,15.333333333333334
2019-04-16,PM2.5 - Local Conditions,5.825000000000001,24.5
2019-04-17,PM2.5 - Local Conditions,9.325,39.0
2019-04-18,PM2.5 - Local Conditions,8.3,34.6
2019-04-19,PM2.5 - Local Conditions,0.9,3.75
2019-04-20,PM2.5 - Local Conditions,3.1,13.333333333333334
2019-04-21,PM2.5 - Local Conditions,5.16,21.4
2019-04-22,PM2.5 - Local Conditions,6.800000000000001,28.333333333333332
2019-04-23,PM2.5 - Local Conditions,8.225,34.5
2019-04-24,PM2.5 - Local Conditions,8.62,35.8
2019-04-25,PM2.5 - Local Conditions,6.6999999999999975,28.25
2019-04-26,PM2.5 - Local Conditions,5.549999999999999,23.0
2019-04-27,PM2.5 - Local Conditions,5.783333333333334,24.0
2019-04-28,PM2.5 - Local Conditions,6.249999999999999,26.0
2019-04-29,PM2.5 - Local Conditions,10.066666666666666,42.0
2019-04-30,PM2.5 - Local Conditions,9.849999999999996,41.0
2019-05-01,PM2.5 - Local Conditions,9.375,39.25
2019-05-02,PM2.5 - Local Conditions,7.475,31.5
2019-05-03,PM2.5 - Local Conditions,4.9333333333333345,20.5
2019-05-04,PM2.5 - Local Conditions,5.4,22.5
2019-05-05,PM2.5 - Local Conditions,4.750000000000001,19.75
2019-05-06,PM2.5 - Local Conditions,5.540000000000001,23.2
2019-05-07,PM2.5 - Local Conditions,7.6499999999999995,31.75
2019-05-08,PM2.5 - Local Conditions,10.55,44.0
2019-05-09,PM2.5 - Local Conditions,5.983333333333332,24.833333333333332
2019-05-10,PM2.5 - Local Conditions,7.124999999999999,29.75
2019-05-11,PM2.5 - Local Conditions,9.249999999999998,38.5
2019-05-12,PM2.5 - Local Conditions,3.4,14.2
2019-05-13,PM2.5 - Local Conditions,4.075,17.0
2019-05-14,PM2.5 - Local Conditions,6.466666666666668,27.0
2019-05-15,PM2.5 - Local Conditions,8.416666666666664,35.166666666666664
2019-05-16,PM2.5 - Local Conditions,9.625000000000004,40.25
2019-05-17,PM2.5 - Local Conditions,13.0,52.75
2019-05-18,PM2.5 - Local Conditions,14.460000000000003,56.0
2019-05-19,PM2.5 - Local Conditions,8.525000000000002,35.5
2019-05-20,PM2.5 - Local Conditions,5.525000000000001,23.25
2019-05-21,PM2.5 - Local Conditions,9.583333333333334,40.166666666666664
2019-05-22,PM2.5 - Local Conditions,9.633333333333331,40.333333333333336
2019-05-23,PM2.5 - Local Conditions,9.375,39.0
2019-05-24,PM2.5 - Local Conditions,10.900000000000004,45.6
2019-05-25,PM2.5 - Local Conditions,10.249999999999998,42.75
2019-05-26,PM2.5 - Local Conditions,9.649999999999997,40.25
2019-05-27,PM2.5 - Local Conditions,12.700000000000001,51.0
2019-05-28,PM2.5 - Local Conditions,10.574999999999998,44.25
2019-05-29,PM2.5 - Local Conditions,9.55,40.0
2019-05-30,PM2.5 - Local Conditions,7.324999999999999,30.5
2019-05-31,PM2.5 - Local Conditions,8.325000000000001,35.0
2019-06-01,PM2.5 - Local Conditions,12.85,52.25
2019-06-02,PM2.5 - Local Conditions,10.019999999999996,41.8
2019-06-03,PM2.5 - Local Conditions,7.933333333333336,33.0
2019-06-04,PM2.5 - Local Conditions,11.266666666666667,47.0
2019-06-05,PM2.5 - Local Conditions,15.939999999999998,59.0
2019-06-06,PM2.5 - Local Conditions,5.5,23.0
2019-06-07,PM2.5 - Local Conditions,1.2249999999999999,5.25
2019-06-08,PM2.5 - Local Conditions,3.016666666666667,12.666666666666666
2019-06-09,PM2.5 - Local Conditions,4.225,17.5
2019-06-10,PM2.5 - Local Conditions,6.050000000000001,25.25
2019-06-11,PM2.5 - Local Conditions,3.2600000000000002,13.8
2019-06-12,PM2.5 - Local Conditions,5.233333333333333,21.666666666666668
2019-06-13,PM2.5 - Local Conditions,5.450000000000001,22.75
2019-06-14,PM2.5 - Local Conditions,6.0333333333333306,25.5
2019-06-15,PM2.5 - Local Conditions,9.524999999999997,39.5
2019-06-16,PM2.5 - Local Conditions,10.124999999999998,42.5
2019-06-17,PM2.5 - Local Conditions,6.7,27.8
2019-06-18,PM2.5 - Local Conditions,3.3000000000000007,13.75
2019-06-19,PM2.5 - Local Conditions,6.250000000000002,26.25
2019-06-20,PM2.5 - Local Conditions,5.383333333333334,22.5
2019-06-21,PM2.5 - Local Conditions,6.666666666666668,28.0
2019-06-22,PM2.5 - Local Conditions,3.9,16.666666666666668
2019-06-23,PM2.5 - Local Conditions,8.1,33.8
2019-06-24,PM2.5 - Local Conditions,4.7,19.5
2019-06-25,PM2.5 - Local Conditions,6.749999999999998,28.25
2019-06-26,PM2.5 - Local Conditions,9.33333333333333,39.0
2019-06-27,PM2.5 - Local Conditions,4.05,16.5
2019-06-28,PM2.5 - Local Conditions,8.099999999999998,33.75
2019-06-29,PM2.5 - Local Conditions,11.899999999999995,48.6
2019-06-30,PM2.5 - Local Conditions,11.549999999999997,47.5
2019-07-01,PM2.5 - Local Conditions,7.483333333333333,31.333333333333332
2019-07-02,PM2.5 - Local Conditions,11.362500000000002,47.375
2019-07-03,PM2.5 - Local Conditions,12.4,50.333333333333336
2019-07-04,PM2.5 - Local Conditions,14.050000000000002,53.166666666666664
2019-07-05,PM2.5 - Local Conditions,20.742857142857144,67.85714285714286
2019-07-06,PM2.5 - Local Conditions,10.983333333333333,45.166666666666664
2019-07-07,PM2.5 - Local Conditions,10.166666666666664,42.166666666666664
2019-07-08,PM2.5 - Local Conditions,8.971428571428572,37.42857142857143
2019-07-09,PM2.5 - Local Conditions,10.333333333333334,42.833333333333336
2019-07-10,PM2.5 - Local Conditions,10.5,43.833333333333336
2019-07-11,PM2.5 - Local Conditions,8.257142857142856,34.285714285714285
2019-07-12,PM2.5 - Local Conditions,8.749999999999998,36.333333333333336
2019-07-13,PM2.5 - Local Conditions,5.275,22.0
2019-07-14,PM2.5 - Local Conditions,8.05,33.666666666666664
2019-07-15,PM2.5 - Local Conditions,6.45,26.75
2019-07-16,PM2.5 - Local Conditions,5.666666666666665,23.666666666666668
2019-07-17,PM2.5 - Local Conditions,7.479999999999997,31.4
2019-07-18,PM2.5 - Local Conditions,7.749999999999998,32.5
2019-07-19,PM2.5 - Local Conditions,8.125000000000002,33.75
2019-07-20,PM2.5 - Local Conditions,6.833333333333335,28.5
2019-07-21,PM2.5 - Local Conditions,4.949999999999999,20.75
2019-07-22,PM2.5 - Local Conditions,5.675000000000001,23.75
2019-07-23,PM2.5 - Local Conditions,6.200000000000001,25.8
2019-07-24,PM2.5 - Local Conditions,7.225,30.0
2019-07-25,PM2.5 - Local Conditions,7.6499999999999995,31.75
2019-07-26,PM2.5 - Local Conditions,10.15,42.333333333333336
2019-07-27,PM2.5 - Local Conditions,12.575000000000003,49.0
2019-07-28,PM2.5 - Local Conditions,12.775000000000004,51.25
2019-07-29,PM2.5 - Local Conditions,12.86,51.6
2019-07-30,PM2.5 - Local Conditions,7.900000000000002,33.0
2019-07-31,PM2.5 - Local Conditions,7.225000000000001,30.0
2019-08-01,PM2.5 - Local Conditions,9.816666666666668,41.0
2019-08-02,PM2.5 - Local Conditions,9.424999999999999,39.0
2019-08-03,PM2.5 - Local Conditions,7.05,29.25
2019-08-04,PM2.5 - Local Conditions,6.08,25.6
2019-08-05,PM2.5 - Local Conditions,7.9,33.0
2019-08-06,PM2.5 - Local Conditions,9.749999999999998,40.5
2019-08-07,PM2.5 - Local Conditions,7.766666666666669,32.333333333333336
2019-08-08,PM2.5 - Local Conditions,9.425,39.5
2019-08-09,PM2.5 - Local Conditions,9.675,40.5
2019-08-10,PM2.5 - Local Conditions,10.239999999999998,42.6
2019-08-11,PM2.5 - Local Conditions,8.624999999999998,36.0
2019-08-12,PM2.5 - Local Conditions,10.325000000000001,42.75
2019-08-13,PM2.5 - Local Conditions,10.316666666666668,43.0
2019-08-14,PM2.5 - Local Conditions,6.033333333333334,25.333333333333332
2019-08-15,PM2.5 - Local Conditions,6.233333333333334,26.0
2019-08-16,PM2.5 - Local Conditions,7.299999999999999,30.4
2019-08-17,PM2.5 - Local Conditions,9.7,40.25
2019-08-18,PM2.5 - Local Conditions,10.100000000000001,42.25
2019-08-19,PM2.5 - Local Conditions,9.033333333333333,37.0
2019-08-20,PM2.5 - Local Conditions,10.1,41.75
2019-08-21,PM2.5 - Local Conditions,7.350000000000001,30.75
2019-08-22,PM2.5 - Local Conditions,9.059999999999999,36.0
2019-08-23,PM2.5 - Local Conditions,5.8500000000000005,24.5
2019-08-24,PM2.5 - Local Conditions,5.875,24.5
2019-08-25,PM2.5 - Local Conditions,5.516666666666667,23.0
2019-08-26,PM2.5 - Local Conditions,3.9000000000000012,16.5
2019-08-27,PM2.5 - Local Conditions,4.75,19.75
2019-08-28,PM2.5 - Local Conditions,6.420000000000002,27.0
2019-08-29,PM2.5 - Local Conditions,5.225,21.5
2019-08-30,PM2.5 - Local Conditions,6.250000000000001,25.75
2019-08-31,PM2.5 - Local Conditions,8.18,34.0
2019-09-01,PM2.5 - Local Conditions,9.133333333333335,38.333333333333336
2019-09-02,PM2.5 - Local Conditions,9.666666666666666,40.666666666666664
2019-09-03,PM2.5 - Local Conditions,7.599999999999998,32.0
2019-09-04,PM2.5 - Local Conditions,10.7,44.25
2019-09-05,PM2.5 - Local Conditions,6.633333333333334,27.666666666666668
2019-09-06,PM2.5 - Local Conditions,10.199999999999998,42.666666666666664
2019-09-07,PM2.5 - Local Conditions,7.1,29.25
2019-09-08,PM2.5 - Local Conditions,4.9,20.25
2019-09-09,PM2.5 - Local Conditions,6.339999999999999,26.4
2019-09-10,PM2.5 - Local Conditions,9.325000000000001,39.0
2019-09-11,PM2.5 - Local Conditions,10.8,44.75
2019-09-12,PM2.5 - Local Conditions,12.483333333333336,50.5
2019-09-13,PM2.5 - Local Conditions,14.349999999999998,54.75
2019-09-14,PM2.5 - Local Conditions,7.2749999999999995,30.5
2019-09-15,PM2.5 - Local Conditions,8.700000000000001,36.4
2019-09-16,PM2.5 - Local Conditions,11.549999999999997,46.0
2019-09-17,PM2.5 - Local Conditions,12.925000000000002,51.25
2019-09-18,PM2.5 - Local Conditions,10.033333333333333,41.666666666666664
2019-09-19,PM2.5 - Local Conditions,10.125,42.0
2019-09-20,PM2.5 - Local Conditions,9.0,37.75
2019-09-21,PM2.5 - Local Conditions,8.520000000000001,35.6
2019-09-22,PM2.5 - Local Conditions,6.149999999999999,25.75
2019-09-23,PM2.5 - Local Conditions,6.325000000000001,26.25
2019-09-24,PM2.5 - Local Conditions,2.4666666666666663,10.166666666666666
2019-09-25,PM2.5 - Local Conditions,6.625,27.5
2019-09-26,PM2.5 - Local Conditions,8.125000000000002,33.75
2019-09-27,PM2.5 - Local Conditions,11.36,45.8
2019-09-28,PM2.5 - Local Conditions,9.525,39.75
2019-09-29,PM2.5 - Local Conditions,12.05,48.5
2019-09-30,PM2.5 - Local Conditions,14.720000000000002,56.0
2019-10-01,PM2.5 - Local Conditions,10.425,42.25
2019-10-02,PM2.5 - Local Conditions,8.925,37.25
2019-10-03,PM2.5 - Local Conditions,10.700000000000001,43.75
2019-10-04,PM2.5 - Local Conditions,3.35,14.0
2019-10-05,PM2.5 - Local Conditions,5.400000000000001,22.666666666666668
2019-10-06,PM2.5 - Local Conditions,8.174999999999999,34.0
2019-10-07,PM2.5 - Local Conditions,2.5,10.333333333333334
2019-10-08,PM2.5 - Local Conditions,3.5500000000000003,14.75
2019-10-09,PM2.5 - Local Conditions,6.3,26.4
2019-10-10,PM2.5 - Local Conditions,6.925,29.0
2019-10-11,PM2.5 - Local Conditions,6.575000000000001,27.5
2019-10-12,PM2.5 - Local Conditions,4.55,18.833333333333332
2019-10-13,PM2.5 - Local Conditions,6.699999999999999,28.25
2019-10-14,PM2.5 - Local Conditions,6.9750000000000005,29.25
2019-10-15,PM2.5 - Local Conditions,7.139999999999999,29.8
2019-10-16,PM2.5 - Local Conditions,4.175000000000001,17.5
2019-10-17,PM2.5 - Local Conditions,4.699999999999999,19.5
2019-10-18,PM2.5 - Local Conditions,5.483333333333334,23.0
2019-10-19,PM2.5 - Local Conditions,5.3500000000000005,22.5
2019-10-20,PM2.5 - Local Conditions,7.574999999999998,31.5
2019-10-21,PM2.5 - Local Conditions,4.64,19.6
2019-10-22,PM2.5 - Local Conditions,2.875,12.0
2019-10-23,PM2.5 - Local Conditions,4.425000000000001,18.5
2019-10-24,PM2.5 - Local Conditions,6.300000000000001,26.333333333333332
2019-10-25,PM2.5 - Local Conditions,6.374999999999999,26.5
2019-10-26,PM2.5 - Local Conditions,2.65,10.75
2019-10-27,PM2.5 - Local Conditions,2.6599999999999993,11.4
2019-10-28,PM2.5 - Local Conditions,5.375000000000002,22.5
2019-10-29,PM2.5 - Local Conditions,7.374999999999998,30.75
2019-10-30,PM2.5 - Local Conditions,4.850000000000002,20.333333333333332
2019-10-31,PM2.5 - Local Conditions,3.1750000000000003,13.25
2019-11-01,PM2.5 - Local Conditions,6.175000000000001,25.75
2019-11-02,PM2.5 - Local Conditions,7.960000000000001,32.6
2019-11-03,PM2.5 - Local Conditions,8.075,33.5
2019-11-04,PM2.5 - Local Conditions,7.875,33.0
2019-11-05,PM2.5 - Local Conditions,8.033333333333337,33.666666666666664
2019-11-06,PM2.5 - Local Conditions,6.6499999999999995,27.75
2019-11-07,PM2.5 - Local Conditions,6.700000000000001,28.0
2019-11-08,PM2.5 - Local Conditions,6.659999999999999,28.0
2019-11-09,PM2.5 - Local Conditions,7.325000000000001,30.5
2019-11-10,PM2.5 - Local Conditions,7.299999999999999,30.25
2019-11-11,PM2.5 - Local Conditions,7.066666666666667,29.666666666666668
2019-11-12,PM2.5 - Local Conditions,2.5000000000000004,10.25
2019-11-13,PM2.5 - Local Conditions,7.700000000000002,32.0
2019-11-14,PM2.5 - Local Conditions,10.680000000000003,43.2
2019-11-15,PM2.5 - Local Conditions,13.024999999999995,51.5
2019-11-16,PM2.5 - Local Conditions,15.450000000000003,58.0
2019-11-17,PM2.5 - Local Conditions,16.45,58.833333333333336
2019-11-18,PM2.5 - Local Conditions,11.674999999999997,47.0
2019-11-19,PM2.5 - Local Conditions,8.100000000000001,34.0
2019-11-20,PM2.5 - Local Conditions,9.26,37.0
2019-11-21,PM2.5 - Local Conditions,10.65,43.0
2019-11-22,PM2.5 - Local Conditions,8.933333333333332,37.333333333333336
2019-11-23,PM2.5 - Local Conditions,3.483333333333333,14.666666666666666
2019-11-24,PM2.5 - Local Conditions,5.5,23.0
2019-11-25,PM2.5 - Local Conditions,8.149999999999999,34.0
2019-11-26,PM2.5 - Local Conditions,8.639999999999997,36.0
2019-11-27,PM2.5 - Local Conditions,3.95,16.5
2019-11-28,PM2.5 - Local Conditions,4.475,18.75
2019-11-29,PM2.5 - Local Conditions,4.516666666666668,18.666666666666668
2019-11-30,PM2.5 - Local Conditions,6.249999999999999,26.25
2019-12-01,PM2.5 - Local Conditions,1.575,6.5
2019-12-02,PM2.5 - Local Conditions,2.46,10.0
2019-12-03,PM2.5 - Local Conditions,5.800000000000001,24.0
2019-12-04,PM2.5 - Local Conditions,5.474999999999999,22.75
2019-12-05,PM2.5 - Local Conditions,6.779999999999999,28.2
2019-12-06,PM2.5 - Local Conditions,9.319999999999999,38.8
2019-12-07,PM2.5 - Local Conditions,17.8,63.25
2019-12-08,PM2.5 - Local Conditions,12.679999999999998,50.0
2019-12-09,PM2.5 - Local Conditions,8.85,37.0
2019-12-10,PM2.5 - Local Conditions,4.250000000000001,17.75
2019-12-11,PM2.5 - Local Conditions,5.883333333333334,24.666666666666668
2019-12-12,PM2.5 - Local Conditions,6.4,26.75
2019-12-13,PM2.5 - Local Conditions,5.324999999999999,22.0
2019-12-14,PM2.5 - Local Conditions,7.640000000000003,31.8
2019-12-15,PM2.5 - Local Conditions,13.95,53.75
2019-12-16,PM2.5 - Local Conditions,5.066666666666667,21.0
2019-12-17,PM2.5 - Local Conditions,5.666666666666667,23.666666666666668
2019-12-18,PM2.5 - Local Conditions,8.033333333333333,33.333333333333336
2019-12-19,PM2.5 - Local Conditions,13.599999999999998,52.0
2019-12-20,PM2.5 - Local Conditions,11.874999999999996,45.25
2019-12-21,PM2.5 - Local Conditions,10.524999999999997,42.75
2019-12-22,PM2.5 - Local Conditions,7.950000000000001,33.25
2019-12-23,PM2.5 - Local Conditions,3.016666666666666,12.666666666666666
2019-12-24,PM2.5 - Local Conditions,7.675000000000001,32.0
2019-12-25,PM2.5 - Local Conditions,8.65,35.0
2019-12-26,PM2.5 - Local Conditions,7.340000000000001,30.8
2019-12-27,PM2.5 - Local Conditions,9.649999999999999,40.25
2019-12-28,PM2.5 - Local Conditions,7.625,31.75
2019-12-29,PM2.5 - Local Conditions,2.0500000000000007,8.5
2019-12-30,PM2.5 - Local Conditions,2.4750000000000005,10.25
2019-12-31,PM2.5 - Local Conditions,2.5,10.5
2020-01-01,PM2.5 - Local Conditions,4.199999999999999,17.6
2020-01-02,PM2.5 - Local Conditions,3.8250000000000006,16.0
2020-01-03,PM2.5 - Local Conditions,2.9999999999999996,12.5
2020-01-04,PM2.5 - Local Conditions,7.016666666666666,29.333333333333332
2020-01-05,PM2.5 - Local Conditions,4.375,18.25
2020-01-06,PM2.5 - Local Conditions,4.625000000000001,19.25
2020-01-07,PM2.5 - Local Conditions,3.8000000000000007,15.6
2020-01-08,PM2.5 - Local Conditions,5.375000000000001,22.75
2020-01-09,PM2.5 - Local Conditions,6.3,26.25
2020-01-10,PM2.5 - Local Conditions,6.916666666666664,28.666666666666668
2020-01-11,PM2.5 - Local Conditions,3.2,13.5
2020-01-12,PM2.5 - Local Conditions,2.6250000000000004,11.25
2020-01-13,PM2.5 - Local Conditions,6.82,28.4
2020-01-14,PM2.5 - Local Conditions,4.233333333333333,18.0
2020-01-15,PM2.5 - Local Conditions,5.100000000000001,21.5
2020-01-16,PM2.5 - Local Conditions,6.583333333333335,27.333333333333332
2020-01-17,PM2.5 - Local Conditions,4.3500000000000005,18.25
2020-01-18,PM2.5 - Local Conditions,3.925,16.5
2020-01-19,PM2.5 - Local Conditions,3.1999999999999997,13.2
2020-01-20,PM2.5 - Local Conditions,6.125000000000001,25.5
2020-01-21,PM2.5 - Local Conditions,8.749999999999998,36.5
2020-01-22,PM2.5 - Local Conditions,9.900000000000004,40.666666666666664
2020-01-23,PM2.5 - Local Conditions,7.875000000000002,33.0
2020-01-24,PM2.5 - Local Conditions,3.3749999999999996,14.25
2020-01-25,PM2.5 - Local Conditions,6.880000000000001,28.8
2020-01-26,PM2.5 - Local Conditions,7.499999999999998,31.5
2020-01-27,PM2.5 - Local Conditions,7.15,29.5
2020-01-28,PM2.5 - Local Conditions,18.133333333333333,63.666666666666664
2020-01-29,PM2.5 - Local Conditions,12.600000000000001,51.25
2020-01-30,PM2.5 - Local Conditions,10.950000000000001,45.75
2020-01-31,PM2.5 - Local Conditions,12.580000000000002,50.2
2020-02-01,PM2.5 - Local Conditions,8.15,34.25
2020-02-02,PM2.5 - Local Conditions,3.750000000000001,15.5
2020-02-03,PM2.5 - Local Conditions,5.033333333333332,21.0
2020-02-04,PM2.5 - Local Conditions,4.8,20.0
2020-02-05,PM2.5 - Local Conditions,2.125,9.75
2020-02-06,PM2.5 - Local Conditions,2.92,12.2
2020-02-07,PM2.5 - Local Conditions,5.375,22.5
2020-02-08,PM2.5 - Local Conditions,5.875000000000001,24.5
2020-02-09,PM2.5 - Local Conditions,6.366666666666667,26.666666666666668
2020-02-10,PM2.5 - Local Conditions,6.149999999999999,26.0
2020-02-11,PM2.5 - Local Conditions,6.049999999999999,25.25
2020-02-12,PM2.5 - Local Conditions,7.539999999999997,31.6
2020-02-13,PM2.5 - Local Conditions,3.6500000000000004,15.25
2020-02-14,PM2.5 - Local Conditions,5.675000000000001,23.5
2020-02-15,PM2.5 - Local Conditions,6.139999999999999,25.6
2020-02-16,PM2.5 - Local Conditions,7.824999999999998,32.75
2020-02-17,PM2.5 - Local Conditions,8.3,34.5
2020-02-18,PM2.5 - Local Conditions,6.839999999999999,28.6
2020-02-19,PM2.5 - Local Conditions,10.475000000000001,43.5
2020-02-20,PM2.5 - Local Conditions,6.874999999999999,28.75
2020-02-21,PM2.5 - Local Conditions,6.7799999999999985,28.4
2020-02-22,PM2.5 - Local Conditions,10.499999999999998,41.75
2020-02-23,PM2.5 - Local Conditions,8.774999999999999,36.5
2020-02-24,PM2.5 - Local Conditions,6.759999999999998,28.4
2020-02-25,PM2.5 - Local Conditions,3.5,14.5
2020-02-26,PM2.5 - Local Conditions,5.55,23.0
2020-02-27,PM2.5 - Local Conditions,3.7600000000000016,15.6
2020-02-28,PM2.5 - Local Conditions,5.124999999999999,21.25
2020-02-29,PM2.5 - Local Conditions,8.040000000000001,33.4
2020-03-01,PM2.5 - Local Conditions,9.76,40.6
2020-03-02,PM2.5 - Local Conditions,7.033333333333332,29.333333333333332
2020-03-03,PM2.5 - Local Conditions,6.333333333333335,26.333333333333332
2020-03-04,PM2.5 - Local Conditions,5.35,22.25
2020-03-05,PM2.5 - Local Conditions,3.7000000000000006,15.666666666666666
2020-03-06,PM2.5 - Local Conditions,3.4333333333333336,14.666666666666666
2020-03-07,PM2.5 - Local Conditions,5.799999999999999,24.25
2020-03-08,PM2.5 - Local Conditions,7.733333333333333,32.333333333333336
2020-03-09,PM2.5 - Local Conditions,7.866666666666667,33.0
2020-03-10,PM2.5 - Local Conditions,5.774999999999999,24.0
2020-03-11,PM2.5 - Local Conditions,8.4,35.0
2020-03-12,PM2.5 - Local Conditions,8.8,37.0
2020-03-13,PM2.5 - Local Conditions,3.7500000000000013,15.75
2020-03-14,PM2.5 - Local Conditions,3.4333333333333336,14.333333333333334
2020-03-15,PM2.5 - Local Conditions,3.733333333333333,15.666666666666666
2020-03-16,PM2.5 - Local Conditions,4.500000000000001,18.75
2020-03-17,PM2.5 - Local Conditions,4.766666666666667,19.666666666666668
2020-03-18,PM2.5 - Local Conditions,8.966666666666665,37.666666666666664
2020-03-19,PM2.5 - Local Conditions,7.950000000000001,33.25
2020-03-20,PM2.5 - Local Conditions,6.2,25.666666666666668
2020-03-21,PM2.5 - Local Conditions,4.0,17.0
2020-03-22,PM2.5 - Local Conditions,4.825,20.25
2020-03-23,PM2.5 - Local Conditions,4.766666666666667,19.666666666666668
2020-03-24,PM2.5 - Local Conditions,5.199999999999999,21.5
2020-03-25,PM2.5 - Local Conditions,6.133333333333334,25.666666666666668
2020-03-26,PM2.5 - Local Conditions,7.066666666666667,29.333333333333332
2020-03-27,PM2.5 - Local Conditions,15.766666666666667,58.333333333333336
2020-03-28,PM2.5 - Local Conditions,13.300000000000002,53.25
2020-03-29,PM2.5 - Local Conditions,3.5999999999999996,15.5
2020-03-30,PM2.5 - Local Conditions,5.9,25.0
2020-03-31,PM2.5 - Local Conditions,3.4249999999999994,14.5
2020-04-01,PM2.5 - Local Conditions,4.266666666666667,18.0
2020-04-02,PM2.5 - Local Conditions,6.066666666666667,25.333333333333332
2020-04-03,PM2.5 - Local Conditions,7.474999999999999,31.0
2020-04-04,PM2.5 - Local Conditions,10.633333333333335,44.333333333333336
2020-04-05,PM2.5 - Local Conditions,12.966666666666669,52.333333333333336
2020-04-06,PM2.5 - Local Conditions,11.750000000000002,47.75
2020-04-07,PM2.5 - Local Conditions,12.533333333333331,50.333333333333336
2020-04-08,PM2.5 - Local Conditions,7.533333333333332,31.333333333333332
2020-04-09,PM2.5 - Local Conditions,4.375,18.25
2020-04-10,PM2.5 - Local Conditions,5.0,21.0
2020-04-11,PM2.5 - Local Conditions,8.333333333333332,34.0
2020-04-12,PM2.5 - Local Conditions,7.3999999999999995,31.0
2020-04-13,PM2.5 - Local Conditions,2.766666666666666,11.333333333333334
2020-04-14,PM2.5 - Local Conditions,4.3999999999999995,18.333333333333332
2020-04-15,PM2.5 - Local Conditions,6.700000000000002,28.25
2020-04-16,PM2.5 - Local Conditions,7.900000000000001,33.0
2020-04-17,PM2.5 - Local Conditions,9.733333333333333,40.666666666666664
2020-04-18,PM2.5 - Local Conditions,10.325000000000001,43.0
2020-04-19,PM2.5 - Local Conditions,8.933333333333335,37.333333333333336
2020-04-20,PM2.5 - Local Conditions,6.2,25.666666666666668
2020-04-21,PM2.5 - Local Conditions,5.15,21.5
2020-04-22,PM2.5 - Local Conditions,5.233333333333333,22.0
2020-04-23,PM2.5 - Local Conditions,4.633333333333335,19.333333333333332
2020-04-24,PM2.5 - Local Conditions,4.824999999999999,20.25
2020-04-25,PM2.5 - Local Conditions,4.266666666666667,17.666666666666668
2020-04-26,PM2.5 - Local Conditions,3.133333333333333,13.0
2020-04-27,PM2.5 - Local Conditions,5.4,22.5
2020-04-28,PM2.5 - Local Conditions,7.133333333333333,30.0
2020-04-29,PM2.5 - Local Conditions,4.599999999999999,19.333333333333332
2020-04-30,PM2.5 - Local Conditions,3.049999999999999,12.75
2020-05-01,PM2.5 - Local Conditions,7.0666666666666655,29.666666666666668
2020-05-02,PM2.5 - Local Conditions,9.1,37.666666666666664
2020-05-03,PM2.5 - Local Conditions,7.3,30.666666666666668
2020-05-04,PM2.5 - Local Conditions,6.05,25.0
2020-05-05,PM2.5 - Local Conditions,6.450000000000001,27.0
2020-05-06,PM2.5 - Local Conditions,5.675000000000002,24.0
2020-05-07,PM2.5 - Local Conditions,6.450000000000001,27.0
2020-05-08,PM2.5 - Local Conditions,5.8500000000000005,24.0
2020-05-09,PM2.5 - Local Conditions,6.066666666666667,25.333333333333332
2020-05-10,PM2.5 - Local Conditions,8.6,35.5
2020-05-11,PM2.5 - Local Conditions,3.8999999999999995,16.0
2020-05-12,PM2.5 - Local Conditions,6.533333333333331,27.0
2020-05-13,PM2.5 - Local Conditions,9.166666666666666,38.333333333333336
2020-05-14,PM2.5 - Local Conditions,9.666666666666668,40.0
2020-05-15,PM2.5 - Local Conditions,9.750000000000004,40.75
2020-05-16,PM2.5 - Local Conditions,9.966666666666667,41.666666666666664
2020-05-17,PM2.5 - Local Conditions,8.433333333333332,35.333333333333336
2020-05-18,PM2.5 - Local Conditions,4.250000000000001,17.75
2020-05-19,PM2.5 - Local Conditions,3.9,16.333333333333332
2020-05-20,PM2.5 - Local Conditions,3.7333333333333343,15.666666666666666
2020-05-21,PM2.5 - Local Conditions,4.2,17.5
2020-05-22,PM2.5 - Local Conditions,4.45,18.5
2020-05-23,PM2.5 - Local Conditions,7.866666666666667,33.0
2020-05-24,PM2.5 - Local Conditions,6.025,25.25
2020-05-25,PM2.5 - Local Conditions,7.766666666666666,32.333333333333336
2020-05-26,PM2.5 - Local Conditions,7.966666666666668,33.333333333333336
2020-05-27,PM2.5 - Local Conditions,4.299999999999999,18.0
2020-05-28,PM2.5 - Local Conditions,3.733333333333334,15.666666666666666
2020-05-29,PM2.5 - Local Conditions,5.533333333333332,23.333333333333332
2020-05-30,PM2.5 - Local Conditions,6.125000000000001,25.5
2020-05-31,PM2.5 - Local Conditions,4.9333333333333345,20.666666666666668
2020-06-01,PM2.5 - Local Conditions,6.633333333333334,27.666666666666668
2020-06-02,PM2.5 - Local Conditions,11.939999999999998,48.8
2020-06-03,PM2.5 - Local Conditions,13.233333333333334,52.333333333333336
2020-06-04,PM2.5 - Local Conditions,10.366666666666665,43.0
2020-06-05,PM2.5 - Local Conditions,7.824999999999998,32.75
2020-06-06,PM2.5 - Local Conditions,9.500000000000002,39.333333333333336
2020-06-07,PM2.5 - Local Conditions,9.8,41.0
2020-06-08,PM2.5 - Local Conditions,6.725000000000001,28.0
2020-06-09,PM2.5 - Local Conditions,8.833333333333334,37.0
2020-06-10,PM2.5 - Local Conditions,7.300000000000001,30.333333333333332
2020-06-11,PM2.5 - Local Conditions,6.275,26.25
2020-06-12,PM2.5 - Local Conditions,6.5,27.0
2020-06-13,PM2.5 - Local Conditions,7.666666666666664,32.0
2020-06-14,PM2.5 - Local Conditions,7.979999999999997,33.2
2020-06-15,PM2.5 - Local Conditions,8.100000000000001,34.0
2020-06-16,PM2.5 - Local Conditions,7.150000000000001,30.0
2020-06-17,PM2.5 - Local Conditions,5.466666666666666,23.0
2020-06-18,PM2.5 - Local Conditions,9.399999999999999,39.0
2020-06-19,PM2.5 - Local Conditions,10.950000000000001,43.5
2020-06-20,PM2.5 - Local Conditions,11.3,47.2
2020-06-21,PM2.5 - Local Conditions,10.45,43.5
2020-06-22,PM2.5 - Local Conditions,4.0,17.0
2020-06-23,PM2.5 - Local Conditions,5.366666666666667,22.333333333333332
2020-06-24,PM2.5 - Local Conditions,6.2,26.0
2020-06-25,PM2.5 - Local Conditions,6.533333333333334,27.0
2020-06-26,PM2.5 - Local Conditions,12.779999999999996,51.6
2020-06-27,PM2.5 - Local Conditions,38.79999999999999,109.33333333333333
2020-06-28,PM2.5 - Local Conditions,13.233333333333334,52.333333333333336
2020-06-29,PM2.5 - Local Conditions,6.625,27.5
2020-06-30,PM2.5 - Local Conditions,5.100000000000001,21.333333333333332
2020-07-01,PM2.5 - Local Conditions,5.366666666666667,22.333333333333332
2020-07-02,PM2.5 - Local Conditions,7.1,29.6
2020-07-03,PM2.5 - Local Conditions,9.8,40.666666666666664
2020-07-04,PM2.5 - Local Conditions,14.56666666666667,55.666666666666664
2020-07-05,PM2.5 - Local Conditions,14.025,53.5
2020-07-06,PM2.5 - Local Conditions,9.366666666666667,39.333333333333336
2020-07-07,PM2.5 - Local Conditions,9.433333333333334,39.666666666666664
2020-07-08,PM2.5 - Local Conditions,9.179999999999998,38.2
2020-07-09,PM2.5 - Local Conditions,8.8,37.0
2020-07-10,PM2.5 - Local Conditions,8.2,34.333333333333336
2020-07-11,PM2.5 - Local Conditions,6.299999999999998,26.25
2020-07-12,PM2.5 - Local Conditions,3.8,15.5
2020-07-13,PM2.5 - Local Conditions,4.949999999999999,20.5
2020-07-14,PM2.5 - Local Conditions,7.899999999999997,33.0
2020-07-15,PM2.5 - Local Conditions,8.1,33.666666666666664
2020-07-16,PM2.5 - Local Conditions,11.9,48.666666666666664
2020-07-17,PM2.5 - Local Conditions,8.725,36.5
2020-07-18,PM2.5 - Local Conditions,8.6,36.0
2020-07-19,PM2.5 - Local Conditions,9.833333333333334,41.0
2020-07-20,PM2.5 - Local Conditions,9.974999999999998,41.5
2020-07-21,PM2.5 - Local Conditions,8.133333333333335,33.666666666666664
2020-07-22,PM2.5 - Local Conditions,6.833333333333333,28.333333333333332
2020-07-23,PM2.5 - Local Conditions,5.450000000000001,22.75
2020-07-24,PM2.5 - Local Conditions,4.333333333333335,18.333333333333332
2020-07-25,PM2.5 - Local Conditions,4.050000000000001,17.25
2020-07-26,PM2.5 - Local Conditions,5.383333333333333,22.333333333333332
2020-07-27,PM2.5 - Local Conditions,6.050000000000001,25.5
2020-07-28,PM2.5 - Local Conditions,5.375000000000002,22.75
2020-07-29,PM2.5 - Local Conditions,6.159999999999999,25.6
2020-07-30,PM2.5 - Local Conditions,7.775,32.5
2020-07-31,PM2.5 - Local Conditions,9.0,37.5
2020-08-01,PM2.5 - Local Conditions,3.1833333333333336,13.333333333333334
2020-08-02,PM2.5 - Local Conditions,5.9750000000000005,24.75
2020-08-03,PM2.5 - Local Conditions,7.8999999999999995,33.0
2020-08-04,PM2.5 - Local Conditions,8.560000000000002,35.8
2020-08-05,PM2.5 - Local Conditions,7.950000000000001,33.0
2020-08-06,PM2.5 - Local Conditions,8.550000000000002,35.75
2020-08-07,PM2.5 - Local Conditions,11.133333333333335,46.5
2020-08-08,PM2.5 - Local Conditions,9.8,41.0
2020-08-09,PM2.5 - Local Conditions,10.000000000000002,41.75
2020-08-10,PM2.5 - Local Conditions,10.78,45.0
2020-08-11,PM2.5 - Local Conditions,6.949999999999998,29.25
2020-08-12,PM2.5 - Local Conditions,9.024999999999999,37.75
2020-08-13,PM2.5 - Local Conditions,7.066666666666669,29.5
2020-08-14,PM2.5 - Local Conditions,5.299999999999999,22.0
2020-08-15,PM2.5 - Local Conditions,9.774999999999997,40.75
2020-08-16,PM2.5 - Local Conditions,11.620000000000001,48.4
2020-08-17,PM2.5 - Local Conditions,7.6000000000000005,31.75
2020-08-18,PM2.5 - Local Conditions,8.399999999999999,35.25
2020-08-19,PM2.5 - Local Conditions,6.833333333333331,28.5
2020-08-20,PM2.5 - Local Conditions,7.125000000000001,29.5
2020-08-21,PM2.5 - Local Conditions,5.625,23.5
2020-08-22,PM2.5 - Local Conditions,4.100000000000001,17.2
2020-08-23,PM2.5 - Local Conditions,6.525,27.25
2020-08-24,PM2.5 - Local Conditions,7.425000000000001,30.75
2020-08-25,PM2.5 - Local Conditions,5.466666666666668,22.833333333333332
2020-08-26,PM2.5 - Local Conditions,5.375,22.75
2020-08-27,PM2.5 - Local Conditions,7.2749999999999995,30.25
2020-08-28,PM2.5 - Local Conditions,4.520000000000001,18.8
2020-08-29,PM2.5 - Local Conditions,7.249999999999999,30.5
2020-08-30,PM2.5 - Local Conditions,6.449999999999999,26.75
2020-08-31,PM2.5 - Local Conditions,6.320000000000002,26.4
2020-09-01,PM2.5 - Local Conditions,6.463157894736841,26.94736842105263
2020-09-02,PM2.5 - Local Conditions,20.57894736842105,69.15789473684211
2020-09-03,PM2.5 - Local Conditions,11.92962962962963,49.666666666666664
2020-09-04,PM2.5 - Local Conditions,6.9869565217391285,29.304347826086957
2020-09-05,PM2.5 - Local Conditions,7.53478260869565,31.565217391304348
2020-09-06,PM2.5 - Local Conditions,8.809677419354836,36.774193548387096
2020-09-07,PM2.5 - Local Conditions,9.226086956521737,38.608695652173914
2020-09-08,PM2.5 - Local Conditions,8.778260869565218,36.43478260869565
2020-09-09,PM2.5 - Local Conditions,10.87777777777778,45.407407407407405
2020-09-10,PM2.5 - Local Conditions,8.778260869565216,36.608695652173914
2020-09-11,PM2.5 - Local Conditions,7.004347826086956,29.304347826086957
2020-09-12,PM2.5 - Local Conditions,6.632258064516129,27.741935483870968
2020-09-13,PM2.5 - Local Conditions,3.3782608695652177,14.434782608695652
2020-09-14,PM2.5 - Local Conditions,6.4347826086956506,27.130434782608695
2020-09-15,PM2.5 - Local Conditions,7.803703703703705,32.333333333333336
2020-09-16,PM2.5 - Local Conditions,7.673913043478258,31.82608695652174
2020-09-17,PM2.5 - Local Conditions,8.573913043478262,35.869565217391305
2020-09-18,PM2.5 - Local Conditions,10.551612903225799,43.58064516129032
2020-09-19,PM2.5 - Local Conditions,7.939130434782609,33.21739130434783
2020-09-20,PM2.5 - Local Conditions,9.4304347826087,39.34782608695652
2020-09-21,PM2.5 - Local Conditions,5.781481481481482,24.22222222222222
2020-09-22,PM2.5 - Local Conditions,7.282608695652174,30.304347826086957
2020-09-23,PM2.5 - Local Conditions,7.760869565217389,32.17391304347826
2020-09-24,PM2.5 - Local Conditions,6.6258064516129025,27.580645161290324
2020-09-25,PM2.5 - Local Conditions,5.073913043478261,21.08695652173913
2020-09-26,PM2.5 - Local Conditions,6.099999999999998,25.304347826086957
2020-09-27,PM2.5 - Local Conditions,8.46296296296296,35.370370370370374
2020-09-28,PM2.5 - Local Conditions,7.243478260869565,30.347826086956523
2020-09-29,PM2.5 - Local Conditions,4.45,18.75
2020-09-30,PM2.5 - Local Conditions,4.796774193548389,20.0
2020-10-01,PM2.5 - Local Conditions,4.786956521739131,20.043478260869566
2020-10-02,PM2.5 - Local Conditions,5.526086956521741,23.08695652173913
2020-10-03,PM2.5 - Local Conditions,8.659259259259255,35.888888888888886
2020-10-04,PM2.5 - Local Conditions,9.504347826086954,39.52173913043478
2020-10-05,PM2.5 - Local Conditions,7.5217391304347805,31.52173913043478
2020-10-06,PM2.5 - Local Conditions,9.361290322580642,38.87096774193548
2020-10-07,PM2.5 - Local Conditions,10.804347826086959,43.869565217391305
2020-10-08,PM2.5 - Local Conditions,27.11304347826087,82.69565217391305
2020-10-09,PM2.5 - Local Conditions,24.07407407407407,76.22222222222223
2020-10-10,PM2.5 - Local Conditions,7.534782608695653,31.434782608695652
2020-10-11,PM2.5 - Local Conditions,2.339130434782609,9.826086956521738
2020-10-12,PM2.5 - Local Conditions,6.925806451612906,28.741935483870968
2020-10-13,PM2.5 - Local Conditions,4.986956521739132,20.82608695652174
2020-10-14,PM2.5 - Local Conditions,6.2130434782608726,26.043478260869566
2020-10-15,PM2.5 - Local Conditions,7.6629629629629665,31.88888888888889
2020-10-16,PM2.5 - Local Conditions,6.624999999999999,27.75
2020-10-17,PM2.5 - Local Conditions,7.1,29.5
2020-10-18,PM2.5 - Local Conditions,7.183333333333334,29.833333333333332
2020-10-19,PM2.5 - Local Conditions,10.326086956521735,43.08695652173913
2020-10-20,PM2.5 - Local Conditions,11.152173913043475,45.91304347826087
2020-10-21,PM2.5 - Local Conditions,10.36296296296296,43.148148148148145
2020-10-22,PM2.5 - Local Conditions,7.243478260869565,30.434782608695652
2020-10-23,PM2.5 - Local Conditions,6.22608695652174,25.91304347826087
2020-10-24,PM2.5 - Local Conditions,3.2347826086956517,13.565217391304348
2020-10-25,PM2.5 - Local Conditions,5.942105263157896,24.63157894736842
2020-10-26,PM2.5 - Local Conditions,6.242105263157896,26.05263157894737
2020-10-27,PM2.5 - Local Conditions,8.933333333333334,37.03703703703704
2020-10-28,PM2.5 - Local Conditions,7.526086956521738,31.391304347826086
2020-10-29,PM2.5 - Local Conditions,3.2043478260869565,13.521739130434783
2020-10-30,PM2.5 - Local Conditions,8.406451612903227,35.193548387096776
2020-10-31,PM2.5 - Local Conditions,9.069565217391299,38.130434782608695
2020-11-01,PM2.5 - Local Conditions,5.060869565217393,21.08695652173913
2020-11-02,PM2.5 - Local Conditions,6.029629629629627,25.185185185185187
2020-11-03,PM2.5 - Local Conditions,9.621739130434785,39.34782608695652
2020-11-04,PM2.5 - Local Conditions,10.991304347826086,44.43478260869565
2020-11-05,PM2.5 - Local Conditions,15.493548387096777,56.96774193548387
2020-11-06,PM2.5 - Local Conditions,21.13043478260869,68.47826086956522
2020-11-07,PM2.5 - Local Conditions,15.352173913043476,54.56521739130435
2020-11-08,PM2.5 - Local Conditions,7.7444444444444445,32.370370370370374
2020-11-09,PM2.5 - Local Conditions,6.915789473684209,29.0
2020-11-10,PM2.5 - Local Conditions,5.605263157894736,23.473684210526315
2020-11-11,PM2.5 - Local Conditions,5.2666666666666675,22.037037037037038
2020-11-12,PM2.5 - Local Conditions,7.021052631578949,29.31578947368421
2020-11-13,PM2.5 - Local Conditions,10.952631578947367,44.94736842105263
2020-11-14,PM2.5 - Local Conditions,10.655555555555551,42.81481481481482
2020-11-15,PM2.5 - Local Conditions,4.734782608695651,19.73913043478261
2020-11-16,PM2.5 - Local Conditions,4.415789473684211,18.68421052631579
2020-11-17,PM2.5 - Local Conditions,3.7838709677419353,15.709677419354838
2020-11-18,PM2.5 - Local Conditions,6.113043478260869,25.304347826086957
2020-11-19,PM2.5 - Local Conditions,7.004347826086955,29.304347826086957
2020-11-20,PM2.5 - Local Conditions,14.288888888888891,53.74074074074074
2020-11-21,PM2.5 - Local Conditions,18.45652173913044,63.04347826086956
2020-11-22,PM2.5 - Local Conditions,9.3,38.608695652173914
2020-11-23,PM2.5 - Local Conditions,7.335483870967741,30.580645161290324
2020-11-24,PM2.5 - Local Conditions,8.752173913043476,36.43478260869565
2020-11-25,PM2.5 - Local Conditions,6.265217391304348,26.347826086956523
2020-11-26,PM2.5 - Local Conditions,8.362962962962964,33.148148148148145
2020-11-27,PM2.5 - Local Conditions,13.09130434782609,48.43478260869565
2020-11-28,PM2.5 - Local Conditions,10.521739130434787,42.56521739130435
2020-11-29,PM2.5 - Local Conditions,12.312903225806457,48.25806451612903
2020-11-30,PM2.5 - Local Conditions,4.360869565217389,18.217391304347824
2020-12-01,PM2.5 - Local Conditions,6.913043478260869,28.956521739130434
2020-12-02,PM2.5 - Local Conditions,9.799999999999995,40.52173913043478
2020-12-03,PM2.5 - Local Conditions,8.921052631578945,37.31578947368421
2020-12-04,PM2.5 - Local Conditions,9.621052631578946,39.78947368421053
2020-12-05,PM2.5 - Local Conditions,17.58518518518519,58.0
2020-12-06,PM2.5 - Local Conditions,15.86315789473684,55.473684210526315
2020-12-07,PM2.5 - Local Conditions,11.310526315789474,46.1578947368421
2020-12-08,PM2.5 - Local Conditions,16.795652173913048,60.73913043478261
2020-12-09,PM2.5 - Local Conditions,16.66,60.8
2020-12-10,PM2.5 - Local Conditions,14.95789473684211,56.26315789473684
2020-12-11,PM2.5 - Local Conditions,13.554838709677423,53.61290322580645
2020-12-12,PM2.5 - Local Conditions,8.25652173913043,34.43478260869565
2020-12-13,PM2.5 - Local Conditions,11.730434782608697,46.82608695652174
2020-12-14,PM2.5 - Local Conditions,7.074074074074073,29.666666666666668
2020-12-15,PM2.5 - Local Conditions,8.804347826086957,36.95652173913044
2020-12-16,PM2.5 - Local Conditions,9.739130434782611,40.34782608695652
2020-12-17,PM2.5 - Local Conditions,15.81612903225806,58.645161290322584
2020-12-18,PM2.5 - Local Conditions,18.569565217391297,63.91304347826087
2020-12-19,PM2.5 - Local Conditions,11.626086956521743,47.0
2020-12-20,PM2.5 - Local Conditions,10.025925925925923,40.77777777777778
2020-12-21,PM2.5 - Local Conditions,7.956521739130432,33.08695652173913
2020-12-22,PM2.5 - Local Conditions,5.608695652173913,23.434782608695652
2020-12-23,PM2.5 - Local Conditions,5.63225806451613,23.548387096774192
2020-12-24,PM2.5 - Local Conditions,3.7347826086956517,15.391304347826088
2020-12-25,PM2.5 - Local Conditions,3.08695652173913,12.695652173913043
2020-12-26,PM2.5 - Local Conditions,5.929629629629631,24.85185185185185
2020-12-27,PM2.5 - Local Conditions,4.986956521739132,21.043478260869566
2020-12-28,PM2.5 - Local Conditions,8.626086956521737,36.04347826086956
2020-12-29,PM2.5 - Local Conditions,16.048387096774192,59.03225806451613
2020-12-30,PM2.5 - Local Conditions,8.11739130434783,33.78260869565217
2020-12-31,PM2.5 - Local Conditions,1.9130434782608698,7.782608695652174
